index,name,address,sido,gungu
0,흥덕지구점,"경기도 용인시 기흥구  흥덕1로 79번길 9, 105호",경기도,경기도
1,휘닉스점,강원도 평창군 봉평면 무이리 694-14번지 1층,강원도,강원도
2,후곡점,경기도 고양시 일산서구  일산로 576,경기도,경기도
3,회덕점,경기도 광주시  이배재로 108,경기도,경기도
4,황상인의점,경상북도 구미시  여현로 80,경상북도,경상북도
5,화천점,강원도 화천군 화천읍 중앙로 37번지,강원도,강원도
6,화양점,"서울특별시 광진구   능동로19길 53, 1층",서울특별시,서울특별시
7,화성반월점,"경기도 화성시  효행로1265번길 17, 101호",경기도,경기도
8,화성마도점,경기도 화성시 마도면 두곡서길 35 1층,경기도,경기도
9,화성남양점,경기도 화성시 남양동 남양도시개발구역 2-1블럭 화성남양상가 103,경기도,경기도
10,화서1동점,경기도 수원시 팔달구 화서동 219-1번지 101호,경기도,경기도
11,화북삼양점,제주도 제주시  진동로1길 13,제주특별자치도,제주특별자치도
12,화곡본동점,서울특별시 강서구 화곡본동 29-27번지,서울특별시,서울특별시
13,화곡4동점,서울특별시 강서구 화곡4동 827-8번지,서울특별시,서울특별시
14,홍천점,강원도 홍천군 홍천읍 연봉리 502-5번지,강원도,강원도
15,홍제2호점,"서울특별시 서대문구  문화촌길 34, 아동 지층 1호",서울특별시,서울특별시
16,홍제1호점,서울특별시 서대문구 홍제동 155-6번지,서울특별시,서울특별시
17,홍은2동점,"서울특별시 서대문구  백련사길 6, 1층",서울특별시,서울특별시
18,홍성읍점,충청남도 홍성군 홍성읍 문화로 33번길 10,충청남도,충청남도
19,홍농읍점,"전라남도 영광군 홍농읍 상하길 33, 102호",전라남도,전라남도
20,호평점,경기도 남양주시 호평동 615-6,경기도,경기도
21,호원1호점,"경기도 의정부시 호원동 419 상가동 1층 104,105호(현대아파트)",경기도,경기도
22,"호수동점(구,고잔점","경기도 안산시 단원구  광덕2로 194-8, 108호",경기도,경기도
23,호매실점,"경기도 수원시권선구  서수원로523번길 30-35, 101호",경기도,경기도
24,현풍점,대구광역시 달성군 현풍면 현풍중앙로14길 85,대구광역시,대구광역시
25,향남지구점,경기도 화성시 향납읍 행정서로3길 4-16,경기도,경기도
26,향남2지구점,경기도 화성시 향남읍 상신하길로298번길 7-27(1층 111호),경기도,경기도
27,행신2호점,경기도 고양시 덕양구  행신로303번길 34,경기도,경기도
28,행당점,서울특별시 성동구  행당로 79,서울특별시,서울특별시
29,해운대중동점,"부산광역시 해운대구  달맞이길65번길 15, 103호",부산광역시,부산광역시
30,해운대좌4동점,부산광역시 해운대구 좌4동 1413번지 삼상@ 분산상가 103호,부산광역시,부산광역시
31,해남점,전라남도 해남군 해남읍 중앙2로 33,전라남도,전라남도
32,함열점,전라북도 익산시 함열읍 함열1길 28,전라북도,전라북도
33,함안칠원점,경상남도 함안군 칠원읍 구성길 43,경상남도,경상남도
34,함안가야점,경상남도 함안군 가야읍 가야로 135,경상남도,경상남도
35,한성대점,서울특별시 성북구  삼선교로2길 3,서울특별시,서울특별시
36,한남대점,대전광역시 동구  홍도로 54,대전광역시,대전광역시
37,학익점,인천광역시 남구 매소홀로 409,인천광역시,인천광역시
38,하월곡점,"서울특별시 성북구  오패산로 10길 46, 102호",서울특별시,서울특별시
39,"하안3,4동점",경기도 광명시  하안로 254,경기도,경기도
40,하복대점,충청북도 청주시흥덕구  죽천로 120,충청북도,충청북도
41,하당지구점,전라남도 목포시  옥암로96번길 14,전라남도,전라남도
42,하늘도시1호점,"인천광역시 중구  하늘달빛로 64번길 6-3, 스카이프라자 105호",인천광역시,인천광역시
43,하남신장점,경기도 하남시 신장동 427-134번지,경기도,경기도
44,풍향산수점,광주광역시 북구 풍향동 579-5번지,광주광역시,광주광역시
45,풍덕천2동점,경기도 용인시 수지구 풍덕천2동 504-10번지 104호,경기도,경기도
46,풍납1호점,서울특별시 송파구  풍성로24길 40,서울특별시,서울특별시
47,풍기점,경상북도 영주시 풍기읍 기주로 89,경상북도,경상북도
48,표선점,제주도 서귀포시 표선면 표선중앙로 106,제주특별자치도,제주특별자치도
49,포항흥해점,경상북도 포항시 북구 흥해읍 한동로 40번길 20,경상북도,경상북도
50,포항효곡점,경상북도 포항시 남구  효자동길10번길 27,경상북도,경상북도
51,포항죽도점,"경상북도 포항시 북구 죽파로 24, 1층 101호",경상북도,경상북도
52,포항오천점,"경상북도 포항시 남구 오천읍 해병로 127, 214동 107호",경상북도,경상북도
53,포항양포점,경상북도 포항시남구  동해안로3268,경상북도,경상북도
54,포항양덕점,경상북도 포항시 북구 양덕동 1779번지,경상북도,경상북도
55,포항두호우현점,"경상북도 포항시 북구  새천년대로 1020길 12, 213동 106호",경상북도,경상북도
56,포항동해점,경상북도 포항시남구  일월로 100,경상북도,경상북도
57,포항대이양학점,"경상북도 포항시 북구  이동로 48-1, 205호",경상북도,경상북도
58,포천점,경기도 포천시  원앙로 18-2,경기도,경기도
59,포천일동점,경기도 포천시 일동면 기산6리 91-36,경기도,경기도
60,포천운천점,경기도 포천시 영북면 운천로 6-1,경기도,경기도
61,평택포승점,경기도 평택시 포승읍 도곡리 1141-17,경기도,경기도
62,평택팽성점,"경기도 평택시 팽성읍 송화택지로 72, A 1층",경기도,경기도
63,평택안중점,경기도 평택시 안중읍 안현로서7길 10,경기도,경기도
64,평택고덕점,"경기도 평택시 고덕면 효덕새싹길 24-3, 101호",경기도,경기도
65,평촌스마트점,"경기도 안양시 동안구 관양동 시민대로327번길 7, 1층(대명글로벌 비즈스퀘어)",경기도,경기도
66,평내점,경기도 남양주시  경춘로1286번안길 4-2,경기도,경기도
67,파주교하점,경기도 파주시  책향기로 369,경기도,경기도
68,퇴계원점,"경기도 남양주시 퇴계원면 퇴계원로 74, 2층 우측호",경기도,경기도
69,통진점,경기도 김포시 통진읍 서암리 1113 서암주공아파트 제상가동 101호,경기도,경기도
70,통영죽림점,경상남도 통영시 광도면 죽림4로 23-48,경상남도,경상남도
71,통영무전북신점,경상남도 통영시  안개로 30,경상남도,경상남도
72,통영도남미수점,경상남도 통영시  도남로 81,경상남도,경상남도
73,"태평2,4동점","경기도 성남시 수정구  탄리로 96번길 20, 102호",경기도,경기도
74,태장우산점,"강원도 원주시 북원로2718번길 2, 1층(태장동)",강원도,강원도
75,태백점,강원도 태백시  상장남길 67,강원도,강원도
76,탄현점,경기도 고양시일산서구 현중로 26번길 81,경기도,경기도
77,칠금문화점,충청북도 충주시  칠금3길 16-1,충청북도,충청북도
78,칠곡왜관점,경상북도 칠곡군 왜관읍 2번도로길 64,경상북도,경상북도
79,칠곡오태북삼점,경상북도 칠곡군 북삼읍 북삼로 109,경상북도,경상북도
80,충효탑정점,경상북도 경주시  충효녹지길 6-17,경상북도,경상북도
81,충북증평읍점,충청북도 증평군 증평읍 초중로 45,충청북도,충청북도
82,충북제천1호점,충청북도 제천시  의림대로 190,충청북도,충청북도
83,충북옥천점,충청북도 옥천군 옥천읍 금장로 62,충청북도,충청북도
84,충북옥산점,충청북도 청주시 흥덕구 옥산면 가락길 60 코오롱하늘채 201~2,충청북도,충청북도
85,충북오창점,충청북도 청원군 오창읍 구룡리 408-6번지,충청북도,충청북도
86,충북괴산점,충청북도 괴산군 괴산읍 읍내로13길 21,충청북도,충청북도
87,충무로점,서울특별시 중구 충무로4가 120-3 진양상가 2층,서울특별시,서울특별시
88,충무공점,경상남도 진주시 충무공동 282-6 가온누리 빌딩 107호,경상남도,경상남도
89,충남합덕점,충청남도 당진시 합덕읍 미락4길 33,충청남도,충청남도
90,충남태안점,충청남도 태안군 태안읍 동문리 터널길 25,충청남도,충청남도
91,충남당진점,충청남도 당진시  읍내동 1096,충청남도,충청남도
92,충남논산점,충청남도 논산시  내동 1169번지 101호,충청남도,충청남도
93,춘천후평점,"강원도 춘천시  부평길 8, 1층 우측",강원도,강원도
94,춘천효자점,강원도 춘천시 효자2동 665-1번지,강원도,강원도
95,춘천소양점,강원도 춘천시 소양로2가 1-63번지,강원도,강원도
96,춘천석사점,강원도 춘천시 석사동 642번지,강원도,강원도
97,청파점,서울특별시 용산구  청파로 333,서울특별시,서울특별시
98,청주율량사천점,충청북도 청주시청원구  율천북로 55,충청북도,충청북도
99,청주용암점,충청북도 청주시 상당구 용암동 2183번지,충청북도,충청북도
100,청주분평점,충청북도 청주시서원구  수영로 19-2,충청북도,충청북도
101,청주봉명점,충청북도 청주시 흥덕구  과상미로 62,충청북도,충청북도
102,청주금천점,충청북도 청주시 상당구  중고개로 273번길 64,충청북도,충청북도
103,청주강서지구점,충청북도 청주시흥덕구  서현북로 24,충청북도,충청북도
104,청주가경점,충청북도 청주시 흥덕구  장구봉로 26번길 44,충청북도,충청북도
105,청북점,경기도 평택시 청북읍 옥길리 1165-5,경기도,경기도
106,청룡점,"서울특별시 관악구  쑥고개로 89, 1층",서울특별시,서울특별시
107,청라2호점,인천광역시 서구 경서동 981-93 1층 101호,인천광역시,인천광역시
108,청라1호점,"인천광역시 서구 청라라임로 100, 104호(연희동)",인천광역시,인천광역시
109,청담점,서울특별시 강남구 청담동 35-1 1층,서울특별시,서울특별시
110,첨단2호점,광주광역시 북구  첨단연산로91번길 44 (대성빌딩 112호),광주광역시,광주광역시
111,"철산3,4동점",경기도 광명시  도덕공원로 23,경기도,경기도
112,천호3동점,"서울특별시 강동구  구천면로 238, 103호",서울특별시,서울특별시
113,천호1동점,서울특별시 강동구 천호1동 224-50번지,서울특별시,서울특별시
114,천안청수점,충청남도 천안시 동남구 청수동 204번지,충청남도,충청남도
115,천안차암점,충청남도 천안시 서북구 차암동 435-1힐링제이타워 1층 115호,충청남도,충청남도
116,천안직산점,"충청남도 천안시서북구 직산읍 삼은3길 38, 102호",충청남도,충청남도
117,천안용곡점,충청남도 천안시동남구  새말1길 47,충청남도,충청남도
118,천안쌍용점,충청남도 천안시 서북구 쌍용2동 725번지,충청남도,충청남도
119,천안신부점,충청남도 천안시동남구 신부동 319-37,충청남도,충청남도
120,천안성환읍점,충청남도 천안시 서북구 성환읍 성환3로 38,충청남도,충청남도
121,천안성정점,충청남도 천안시 서북구  성정로 47-1,충청남도,충청남도
122,천안백석점,"충청남도 천안시 서북구  백석4길 31, 108호",충청남도,충청남도
123,천안두정점,충청남도 천안시 서북구 두정동 서부대로 781,충청남도,충청남도
124,창원팔용점,경상남도 창원시 의창구 팔용동 183-9번지,경상남도,경상남도
125,창원진동점,경상남도 창원시 합포구 진동면 진동사동로19,경상남도,경상남도
126,창원중앙점,경상남도 창원시성산구 중앙동 78-2,경상남도,경상남도
127,창원소답점,경상남도 창원시의창구 소답동 118-4번지 칠성빌라 나동 1호,경상남도,경상남도
128,창원봉곡사림점,경상남도 창원시 의창구  사림로 53,경상남도,경상남도
129,창원반송점,경상남도 창원시성산구  원이대로 393번길 17,경상남도,경상남도
130,창원명서도계점,경상남도 창원시 의창구  도계동396-7 1층,경상남도,경상남도
131,창원동읍점,경상남도 창원시의창구 동읍 용정길 32번길 16,경상남도,경상남도
132,창원대방점,경상남도 창원시성산구 대방동 376번지 상가 1층,경상남도,경상남도
133,창원감계점,"경상남도 창원시 의창구 북면 감계로 266, 204호",경상남도,경상남도
134,창녕읍점,경상남도 창녕군 창녕읍 명덕로 6-1,경상남도,경상남도
135,창4동점,"서울특별시 도봉구  노해로 70길 46, 102호",서울특별시,서울특별시
136,창2동점,"서울특별시 도봉구  도봉로 110다길 51, 태영 창동데시앙 아파트상가 1",서울특별시,서울특별시
137,진해웅천점,경상남도 진해시 성내동 359-1번지,경상남도,경상남도
138,진해용원웅동점,경상남도 진해시 안골동 376-3,경상남도,경상남도
139,진해여좌중앙점,경상남도 창원시 진해구  충장로 41,경상남도,경상남도
140,진해석동풍호점,"경상남도 창원시 진해구  냉천로 88, 103호",경상남도,경상남도
141,진해경화태백점,경상남도 창원시진해구  중초로 37,경상남도,경상남도
142,진천읍점,충청북도 진천군 진천읍 중앙동로 132,충청북도,충청북도
143,진주하대초장점,경상남도 진주시  하대로 116,경상남도,경상남도
144,진주칠암망경점,경상남도 진주시  진주대로 849-10,경상남도,경상남도
145,진주신안평거점,경상남도 진주시 신평공원길 25번길 12-13,경상남도,경상남도
146,진주상봉봉안점,경상남도 진주시  진주성로 103,경상남도,경상남도
147,진주상대점,경상남도 진주시 상대동 310-78번지,경상남도,경상남도
148,진주금산점,경상남도 진주시 금산면 중천로 74,경상남도,경상남도
149,진주가호점,경상남도 진주시  진주대로 568번길 8,경상남도,경상남도
150,진접지구점,경기도 남양주시 해밀예당2로 117,경기도,경기도
151,진안점,경기도 화성시 진안동 863-1,경기도,경기도
152,진부점,강원도 평창군 진부면 진부중앙로 53,강원도,강원도
153,진도점,전라남도 진도군 진도읍 쌍정리 257-20,전라남도,전라남도
154,지행1호점,경기도 동두천시 지행동 688번지,경기도,경기도
155,지세포점,경상남도 거제시 일운면 거제대로 2471,경상남도,경상남도
156,지산신장점,경기도 평택시  탄현로 311,경기도,경기도
157,중화1호점,서울특별시 중랑구 중화1동 295-22,서울특별시,서울특별시
158,중촌목동점,대전광역시 중구  중촌로24번길 23. 1층,대전광역시,대전광역시
159,중앙반월점,"경상남도 창원시 마산합포  3.15대로 77, 105호",경상남도,경상남도
160,중앙경찰학교점,충청북도 충주시 수안보면 중앙경찰학교,충청북도,충청북도
161,중산점,경기도 고양시 일산동구  탄중로 431번길 32 031-975-9291,경기도,경기도
162,중동2호점,경기도 부천시 원미구 중동 1058-1,경기도,경기도
163,중곡4동점,서울특별시 광진구 중곡동 79-16번지,서울특별시,서울특별시
164,중곡1동점,서울특별시 광진구 중곡1동 162-12번지 1층,서울특별시,서울특별시
165,중계본동점,"서울특별시 노원구  중계로 14길 41, 1층",서울특별시,서울특별시
166,죽전단국대점,"경기도 용인시수지구  죽전로 164, 102호",경기도,경기도
167,주엽2동점,"경기도 고양시 일산서구  중앙로 1471, 105호",경기도,경기도
168,주안3호점,인천광역시 남구  미추홀대로 591,인천광역시,인천광역시
169,주문진읍점,강원도 강릉시 주문진읍 시장길 30,강원도,강원도
170,"좌1,3동점","부산광역시 해운대구  대천로67번길 15, 112호",부산광역시,부산광역시
171,종암점,"서울특별시 성북구  종암로 19길 46, 103호",서울특별시,서울특별시
172,종로4가점,서울특별시 종로구  창경궁로 113,서울특별시,서울특별시
173,조치원점,세종특별자치시  조치원읍 죽림리 21-2번지 상가 110호,세종특별자치시,세종시
174,제천하소점,충청북도 제천시  용두대로15가길 13,충청북도,충청북도
175,제주함덕점,제주도 제주시 조천읍 함덕24길 6-6,제주특별자치도,제주특별자치도
176,제주한림점,제주도 제주시 한림읍 한림로 653,제주특별자치도,제주특별자치도
177,제주중문점,제주도 서귀포시  천제연로 183-1,제주특별자치도,제주특별자치도
178,제주용담점,제주특별자치도 제주시  용담로 70,제주특별자치도,제주특별자치도
179,제주외도점,"제주도 제주시  우정로18길 12, 1층",제주특별자치도,제주특별자치도
180,제주영어도시점,제주특별자치도 서귀포시 대정읍 에듀시티로 23 상가동 105호,제주특별자치도,제주특별자치도
181,제주연동점,제주특별자치도 제주시 연동 274-21,제주특별자치도,제주특별자치도
182,제주애월점,제주도 제주시 애월읍 고내리 1097,제주특별자치도,제주특별자치도
183,제주아라점,제주도 제주시 아라1동  1718-3 원신아파트 상가 1층,제주특별자치도,제주특별자치도
184,제주신촌점,"제주특별자치도 제주시 조천읍 신북로99,1층",제주특별자치도,제주특별자치도
185,제주서사라점,제주도 제주시  서사로 149,제주특별자치도,제주특별자치도
186,제주동홍점,제주도 서귀포시  일주동로 8588,제주특별자치도,제주특별자치도
187,제주노형점,제주도 제주시  정존13길 14,제주특별자치도,제주특별자치도
188,"정자2,3동점","경기도 성남시 분당구  내정로 54, 한솔마을 나상가동 104호",경기도,경기도
189,정자1동점,경기도 성남시분당구  내정로119번길 17,경기도,경기도
190,정읍수성점,전라북도 정읍시  수성택지4길 4,전라북도,전라북도
191,정읍상동점,전라북도 정읍시  충정로 37,전라북도,전라북도
192,"정왕3,4동점",경기도 시흥시 정왕4동 1875-2번지 미주@상가 107호,경기도,경기도
193,정발산점,경기도 고양시 일산동구  산두로 239,경기도,경기도
194,정림복수점,대전광역시 서구  정림동로5번길 40,대전광역시,대전광역시
195,정릉역점,"서울특별시 성북구 정릉로 26길 8, 제상가동 1층",서울특별시,서울특별시
196,정릉1호점,서울특별시 성북구  보국문로16길 74,서울특별시,서울특별시
197,정관신도시점,부산광역시 기장군 정관면 용수리 1294-5,부산광역시,부산광역시
198,정관모전점,"부산광역시 기장군 정관면 정관로 350, 323동 B101호 (이지더원3차)",부산광역시,부산광역시
199,전주효자중화산2호점,전라북도 전주시 완산구 효자동1가 623-4번지,전라북도,전라북도
200,전주효자중화산1호점,전라북도 전주시 완산구  안행로 154,전라북도,전라북도
201,전주평화점,전라북도 전주시 완산구  평화17길 9-8,전라북도,전라북도
202,전주진북점,전라북도 전주시 덕진구 진북동 434-45번지,전라북도,전라북도
203,전주아중점,전라북도 전주시 덕진구  무삼지로 53,전라북도,전라북도
204,전주서신점,전라북도 전주시 완산구  전룡로 28,전라북도,전라북도
205,전주삼천점,전라북도 전주시 완산구  송정2길 28,전라북도,전라북도
206,전북혁신도시점,"전라북도 전주시 완산구  오정2길 32, 201호",전라북도,전라북도
207,전북남원점,전라북도 남원시  옥정2길 13,전라북도,전라북도
208,전남화순점,전라남도 화순군 화순읍 광덕리 305번지,전라남도,전라남도
209,전남장흥점,전라남도 장흥군 장흥읍 북부로 62-1,전라남도,전라남도
210,전남영암점,전라남도 영암군 영암읍 중앙로 16,전라남도,전라남도
211,전남영광점,전라남도 영광군 영광읍 옥당로 123,전라남도,전라남도
212,전남나주점,"전라남도 나주시  중앙로 20, 1층",전라남도,전라남도
213,전남광양읍점,전라남도 광양시 광양읍 유당로 43,전라남도,전라남도
214,전남강진점,전라남도 강진군 강진읍 보은로 1길 25,전라남도,전라남도
215,전곡점,"경기도 연천군  은전로86번길 18, 11",경기도,경기도
216,재궁오금동점,경기도 군포시 금정동 719번지,경기도,경기도
217,장천산동점,"경상북도 구미시 산동면 산호대로39길16, 1동 101호",경상북도,경상북도
218,장지역점,서울특별시 송파구  송이로36길 37,서울특별시,서울특별시
219,장안2동점,서울특별시 동대문구  장한로33길 34,서울특별시,서울특별시
220,장안1동점,서울특별시 동대문구  장한로9길 16 1층,서울특별시,서울특별시
221,장성창포점,경상북도 포항시북구  대곡로 10,경상북도,경상북도
222,장성읍점,전라남도 장성군 장성읍 청운길 7-1,전라남도,전라남도
223,장기감삼점,대구광역시 달서구 장기동 528,대구광역시,대구광역시
224,잠원점,서울특별시 서초구  강남대로95길 47-4,서울특별시,서울특별시
225,잠실본동점,서울특별시 송파구 잠실본동 222-10 1층,서울특별시,서울특별시
226,잠실2호점,서울특별시 송파구  석촌호수로 135,서울특별시,서울특별시
227,잠실1호점,서울특별시 송파구  올림픽로 35길 104-108,서울특별시,서울특별시
228,작전서운점,인천광역시 계양구  까치말로45번길 10,인천광역시,인천광역시
229,작전2동점,"인천광역시 계양구  계양대로 120번길 7, 102호",인천광역시,인천광역시
230,자운점,대전광역시 유성구 신봉동 5-2 창조레스텔 1층,대전광역시,대전광역시
231,자양점,서울특별시 광진구  뚝섬로 41길 8,서울특별시,서울특별시
232,임학점,"인천광역시 계양구  계양산로 216번길 14, 103호",인천광역시,인천광역시
233,"일원1,2동점","서울특별시 강남구 일원로9길 60, 1층",서울특별시,서울특별시
234,일신부개점,인천광역시 부평구  경인로 1002번길 34-1,인천광역시,인천광역시
235,일산풍동점,"경기도 고양시일산동구  고풍로 72-41, 104호",경기도,경기도
236,일산장항점,경기도 고양시 일산동구 장항동 902번지 호수마을1단지 중관 1058호,경기도,경기도
237,일산식사점,"경기도 고양시일산서구  위시티3로 75, 1층",경기도,경기도
238,일산마두점,경기도 고양시 일산동구  일산로 241,경기도,경기도
239,일산가좌점,경기도 고양시 일산서구 가좌동 392-22번지 오성프라자 101호,경기도,경기도
240,일도동광초점,제주도 제주시  연수로3길 7 1층,제주특별자치도,제주특별자치도
241,인헌점,서울특별시 관악구  인헌길 43,서울특별시,서울특별시
242,인천효성점,인천광역시 계양구 효성2동 242-7번지 신진상가 A동 107호,인천광역시,인천광역시
243,인천주안2호점,인천광역시 남구  석정로 379,인천광역시,인천광역시
244,인천주안1호점,인천광역시 남구 주안1동 109-9번지 102호,인천광역시,인천광역시
245,인천용현2점,인천광역시 남구  낙섬중로 72,인천광역시,인천광역시
246,인천연희점,인천광역시 서구 심곡동 336-4번지 1층 103호,인천광역시,인천광역시
247,인천신포점,인천광역시 중구  제물량로 158-1,인천광역시,인천광역시
248,인천숭의점,인천광역시 남구  수봉로 6-15,인천광역시,인천광역시
249,인천석남점,인천광역시 서구  석남로 78,인천광역시,인천광역시
250,인천검단점,인천광역시 서구 마전동 903-12번지 101호,인천광역시,인천광역시
251,인창1호점,경기도 구리시 인창동 383-54번지 1층,경기도,경기도
252,인제점,강원도 인제군 인제읍 상동리 296-8,강원도,강원도
253,익산영등점,전라북도 익산시  무왕로 15길 5-4,전라북도,전라북도
254,익산어양점,"전라북도 익산시  무왕로19길 18, 103호",전라북도,전라북도
255,익산신동점,전라북도 익산시  익산대로68길 26,전라북도,전라북도
256,익산부송점,전라북도 익산시  무왕로26길 21,전라북도,전라북도
257,익산모현점,전라북도 익산시 모현동1가 821,전라북도,전라북도
258,익산동산점,전라북도 익산시  서동로18길 46,전라북도,전라북도
259,이태원점,서울특별시 용산구  우사단로12길 18,서울특별시,서울특별시
260,이충장당점,경기도 평택시 서정동 1104-7번지,경기도,경기도
261,이천점,경기도 이천시  이섭대천로 1381,경기도,경기도
262,이천관고점,경기도 이천시  영창로 149,경기도,경기도
263,이문2호점,서울특별시 동대문구 이문동 345-7번지,서울특별시,서울특별시
264,이문1호점,서울특별시 동대문구  신이문로 38,서울특별시,서울특별시
265,이매점,"경기도 성남시분당구  이매로 13, 108호",경기도,경기도
266,의정부용현점,경기도 의정부시  용민로 75-27,경기도,경기도
267,의정부민락점,"경기도 의정부시  오목로 168, 산들마을 제동상가 104호",경기도,경기도
268,의정부동점,경기도 의정부시  신흥로 196,경기도,경기도
269,의정부녹양점,경기도 의정부시 녹양동 326-2,경기도,경기도
270,의왕오전점,경기도 의왕시  오전동길 25,경기도,경기도
271,의왕삼동부곡점,경기도 의왕시  솔밭길 18-4,경기도,경기도
272,응암1호점,서울특별시 은평구 응암로22길 7-1,서울특별시,서울특별시
273,음성혁신1호점,충청북도 음성군 맹동면 용두2나길 12,충청북도,충청북도
274,은행선화점,대전광역시 중구  대종로549번길 14,대전광역시,대전광역시
275,은행동점,경기도 성남시 중원구 은행동 701번지 1층,경기도,경기도
276,은평뉴타운점,"서울특별시 은평구  진관4로 78-8, 701동 104호",서울특별시,서울특별시
277,은천점,"서울특별시 관악구  은천로 61, 1층",서울특별시,서울특별시
278,율량2지구점,충청북도 청주시청원구 주성로 289,충청북도,충청북도
279,유천점,대전광역시 중구  태평로44번길 32,대전광역시,대전광역시
280,유가점,대구광역시 달성군 유가면 봉리 592-1,대구광역시,대구광역시
281,위례1호점,경기도 성남시 수정구 창곡동 544-2,경기도,경기도
282,월피점,"경기도 안산시 상록구 안산천서로5길 27, 1층",경기도,경기도
283,월계2동점,서울특별시 노원구 월계동 776 월계프라자 104호,서울특별시,서울특별시
284,원통점,강원도 인제군 북면 원통로147번길 41,강원도,강원도
285,원주혁신점,"강원도 원주시  황금로 13, 201호",강원도,강원도
286,원주무실점,강원도 원주시  만대로 150,강원도,강원도
287,원주단구점,강원도 원주시 단구동 1684-1 청솔4차상가 105호,강원도,강원도
288,원주단계점,강원도 원주시  금불1길 24-7,강원도,강원도
289,원주개운점,강원도 원주시 개운동 393-6번지,강원도,강원도
290,원내점,대전광역시 유성구 원내동 84-11번지,대전광역시,대전광역시
291,원곡본동점,경기도 안산시 단원구  화랑로 28,경기도,경기도
292,울산화봉점,울산광역시 북구  상방로 139,울산광역시,울산광역시
293,울산일산대송점,울산광역시 동구 일산동 535-4번지,울산광역시,울산광역시
294,울산온양점,울산광역시 울주군 온양읍 대안리415-19번지,울산광역시,울산광역시
295,울산온산점,"울산광역시 울주군 온산읍 영남6길 7, 1층",울산광역시,울산광역시
296,울산옥동신정1호점,울산광역시 남구 옥동 1405-27번지,울산광역시,울산광역시
297,울산언양점,울산광역시 울주군 언양읍 동부리 257-10번지,울산광역시,울산광역시
298,울산야음점,울산광역시 남구  수암로163번길 24,울산광역시,울산광역시
299,울산신정3호점,울산광역시 남구 신정5동 265-50번지,울산광역시,울산광역시
300,울산성안점,울산광역시 중구  백양로 14,울산광역시,울산광역시
301,울산삼호점,울산광역시 남구 무거동 1447-9호,울산광역시,울산광역시
302,울산삼산점,"울산광역시 남구  돋질로 334, 1층",울산광역시,울산광역시
303,울산복산점,울산광역시 중구  화합로 498,울산광역시,울산광역시
304,울산병영점,울산광역시 중구  병영로 69,울산광역시,울산광역시
305,울산방어꽃바위점,울산광역시 동구  화문로 41,울산광역시,울산광역시
306,울산반구점,"울산광역시 중구  화합로 388, 1호",울산광역시,울산광역시
307,울산무거점,울산광역시 남구  옥현로 49,울산광역시,울산광역시
308,울산달동점,울산광역시 남구  번영로89번길 23,울산광역시,울산광역시
309,울산다운점,울산광역시 중구  다운로 64,울산광역시,울산광역시
310,울산농소2호점,울산광역시 북구 천곡동 우방상가 108호,울산광역시,울산광역시
311,울산농소1호점,울산광역시 북구 매곡동 474-1번지 H프라자 1층 108-1호,울산광역시,울산광역시
312,울산남목점,울산광역시 동구  미포3길 35,울산광역시,울산광역시
313,운정2호점,"경기도 파주시  한울로 84, 518동 102호",경기도,경기도
314,운정1호점,"경기도 파주시  가온로 27, 월드아파트상가 108호",경기도,경기도
315,운양점,경기도 김포시  김포한강11로 288-27,경기도,경기도
316,운서점,"인천광역시 중구  신도시남로141번길 16, 102호",인천광역시,인천광역시
317,우정태화점,울산광역시 중구  태화로 263,울산광역시,울산광역시
318,우장산동점,서울특별시 강서구  화곡로31길 18,서울특별시,서울특별시
319,우아호성점,전라북도 전주시 덕진구  우아로 28,전라북도,전라북도
320,우만1동점,경기도 수원시 팔달구  세지로 440,경기도,경기도
321,용호메트로점,"부산광역시 남구  용호로90번길 12-4, A-103호",부산광역시,부산광역시
322,용현1호점,인천광역시 남구 용현동 2-9,인천광역시,인천광역시
323,용인죽전1호점,경기도 용인시 수지구 죽전동 425-2번지 108호,경기도,경기도
324,용인양지점,"경기도 용인시처인구  양지로 143번길 5-5 1층 1,2호",경기도,경기도
325,용인신갈점,경기도 용인시 기흥구  구갈로 60번길 11,경기도,경기도
326,용인보라점,"경기도 용인시기흥구  한보라1로 42-4., 105호",경기도,경기도
327,용인둔전점,경기도 용인시 처인구 포곡읍 둔전리 405-19 105호,경기도,경기도
328,용인동천점,"경기도 용인시 수지구  수풍로117번길 2-2, 102호",경기도,경기도
329,용인김량장동점,경기도 용인시 처인구 김량장동 337-12번지,경기도,경기도
330,용인구성점,경기도 용인시 기흥구  마북로 98,경기도,경기도
331,용이동점,"경기도 평택시  현신3길 4, 102호",경기도,경기도
332,용운판암점,대전광역시 동구 용운동  352-7,대전광역시,대전광역시
333,용산용문점,서울특별시 용산구 새창로 119,서울특별시,서울특별시
334,용두신설점,서울특별시 동대문구  안암로 40,서울특별시,서울특별시
335,"용당용호2,4동점",부산광역시 남구  용주로 29,부산광역시,부산광역시
336,완주삼례점,전라북도 완주군 삼례읍 삼봉로 117,전라북도,전라북도
337,완월자산점,경상남도 창원시 마산합포  고운로 181,경상남도,경상남도
338,완도점,전라남도 완도군 완도읍 가용리 1062-4,전라남도,전라남도
339,와동점,경기도 안산시단원구  753-9 번지 1층,경기도,경기도
340,온의퇴계점,강원도 춘천시 온의동 541-3번지,강원도,강원도
341,옥정지구점,"경기도 양주시  옥정동로 5길 49, 1층 1호",경기도,경기도
342,옥련점,인천광역시 연수구  청량로239번길 11,인천광역시,인천광역시
343,옥곡백천점,"경상북도 경산시  백천동로 7, 상기동 108호(백천동, 부영초록마을)",경상북도,경상북도
344,옥계구포점,경상북도 구미시  산호대로 25길 25-38,경상북도,경상북도
345,오창2산단점,충청북도 청주시청원구  2산단로185-1,충청북도,충청북도
346,오송점,충청북도 청주시흥덕구 만수길 14-4,충청북도,충청북도
347,오산중앙점,경기도 오산시  경기대로 333번길 31,경기도,경기도
348,오산신장점,경기도 오산시  오산로 348번길 3,경기도,경기도
349,오산대원점,경기도 오산시  오산로 198번길 29,경기도,경기도
350,오목천점,경기도 수원시권선구  오목천로 31,경기도,경기도
351,오라점,"제주도 제주시 오라삼동 2995-1, 지하",제주특별자치도,제주특별자치도
352,오금점,서울특별시 송파구  마천로 196,서울특별시,서울특별시
353,예산읍점,충청남도 예산군 예산읍 산성리 95-1번지 세광엔리치타워 상가동 108호,충청남도,충청남도
354,예산삽교읍점,충청남도 예산군 삽교읍 삽교로 88,충청남도,충청남도
355,영통2동점,경기도 수원시 영통구 영통2동 77-2번지,경기도,경기도
356,영통1동점,경기도 수원시 영통구 영통동 998-1번지,경기도,경기도
357,영천동부점,"경상북도 영천시  창신1길 42, 301동 1층 3호",경상북도,경상북도
358,영주휴천점,경상북도 영주시  지천로 108,경상북도,경상북도
359,영주대청점,부산광역시 중구  동영로 24,부산광역시,부산광역시
360,영주가흥점,경상북도 영주시 가흥동 1810-1,경상북도,경상북도
361,영암삼호점,"전라남도 영암군 삼호읍 삼호중앙로 234, 나동 1층",전라남도,전라남도
362,영동읍점,충청북도 영동군 영동읍 계산리 588-36,충청북도,충청북도
363,영덕읍점,경상북도 영덕군 영덕읍 남석리 23번지,경상북도,경상북도
364,영덕영해점,경상북도 영덕군 영해면 성내리 481-3,경상북도,경상북도
365,영덕강구점,경상북도 영덕군 강구면 강구시장길 40-6,경상북도,경상북도
366,연일유강점,경상북도 포항시남구 연일읍 생지리 244-1번지,경상북도,경상북도
367,연수교현점,충청북도 충주시  갱고개로 39,충청북도,충청북도
368,연수1동점,인천광역시 연수구  먼우금로 264번길 12,인천광역시,인천광역시
369,연산2호점,부산광역시 연제구 연산동 798-1,부산광역시,부산광역시
370,연산1동점,부산광역시 연제구 연산동 615-10,부산광역시,부산광역시
371,연무읍점,충청남도 논산시 연무읍 연무로 180-1,충청남도,충청남도
372,연남점,서울특별시 마포구  동교로 27길 91,서울특별시,서울특별시
373,역촌점,서울특별시 은평구  연서로 49,서울특별시,서울특별시
374,역삼2동점,"서울특별시 강남구  언주로 69길 16, 103호",서울특별시,서울특별시
375,역삼1동점,"서울특별시 강남구  역삼로 129 ,104호",서울특별시,서울특별시
376,역곡점,"경기도 부천시  부일로763번길 17, 1층 1호",경기도,경기도
377,여주점,경기도 여주시 여흥로 108,경기도,경기도
378,여의도1호점,서울특별시 영등포구 여의도동15-16 산정빌딩 105호,서울특별시,서울특별시
379,여월도당점,경기도 부천시 오정구 여월동 5번지 대원스카이빌 1층 11호,경기도,경기도
380,여수죽림점,전라남도 여수시 소라면 죽림중앙로 33,전라남도,전라남도
381,여수여천점,전라남도 여수시  망마로 102,전라남도,전라남도
382,여수여서점,전라남도 여수시  여문1로 28,전라남도,전라남도
383,여수봉산국동점,전라남도 여수시  어항로 27-1,전라남도,전라남도
384,여수미평점,전라남도 여수시  양지1길 6-14,전라남도,전라남도
385,여수문수점,전라남도 여수시  문수로 24,전라남도,전라남도
386,여수무선점,전라남도 여수시  화산1길 7,전라남도,전라남도
387,여수돌산점,전라남도 여수시 돌산읍 강남8길 15-34,전라남도,전라남도
388,여수관문점,전라남도 여수시 충무동 463-1번지,전라남도,전라남도
389,양평점,경기도 양평군 양평읍 양근로 235,경기도,경기도
390,양주삼숭고읍점,"경기도 양주시  부흥로 2094, TS푸른솔3차아파트 상가동",경기도,경기도
391,양주백석점,경기도 양주시 벡석읍 호명로 92,경기도,경기도
392,양주덕정점,경기도 양주시  고암길 154-12,경기도,경기도
393,양주덕계점,경기도 양주시 덕계동 473-4번지,경기도,경기도
394,양정염포점,울산광역시 북구  염포로 563,울산광역시,울산광역시
395,양재1동점,서울특별시 서초구 양재1동 110-5번지,서울특별시,서울특별시
396,양양점,강원도 양양군 양양읍 남문로15,강원도,강원도
397,양양낙산점,강원도 양양군 강현면 일출로31-10,강원도,강원도
398,양산신도시점,"경상남도 양산시  양주로 38, 1층 108호",경상남도,경상남도
399,양산신기북정점,"경상남도 양산시  북정로 116, 106호",경상남도,경상남도
400,양산석산점,"경상남도 양산시 동면 금오12길 4-5, 1층",경상남도,경상남도
401,양산서창점,경상남도 양산시 삼호동 142-3번지,경상남도,경상남도
402,양산범어점,경상남도 양산시 물금읍 범구로 17,경상남도,경상남도
403,양산물금점,"경상남도 양산시 물금읍 버들길 36, 1층",경상남도,경상남도
404,양산덕계점,경상남도 양산시  배움터길 20,경상남도,경상남도
405,양덕원점,강원도 홍천군 남면 양덕원2길 11,강원도,강원도
406,양구점,강원도 양구군 양구읍 중심로 184-1,강원도,강원도
407,야탑3동점,경기도 성남시분당구  벌말로 29번길 18,경기도,경기도
408,"야탑1,2동점","경기도 성남시분당구  판교로 443, 106-1,107-1호",경기도,경기도
409,압량조영점,경상북도 경산시 압량면 청운1로 89,경상북도,경상북도
410,압구정점,서울특별시 강남구 신사동 619-6번지,서울특별시,서울특별시
411,암사3동점,서울특별시 강동구 암사동 421-26번지,서울특별시,서울특별시
412,알펜시아점,강원도 평창군 대관령면 솔봉로 325,강원도,강원도
413,안양중앙시장점,경기도 안양시 만안구  냉천로 193번길 42 안양4동 711-120,경기도,경기도
414,안양박달점,경기도 안양시 만안구  박달로 506,경기도,경기도
415,안양관양점,경기도 안양시 동안구 관양1동 1386-18번지,경기도,경기도
416,안양7동점,"경기도 안양시 만안구  태평로 52번길 37, 지상 1층 110호",경기도,경기도
417,안성한경대점,경기도 안성시 석정동 343번지 우남상가 102호,경기도,경기도
418,안산한양대점,경기도 안산시 상록구  성안길78-1,경기도,경기도
419,안산초지점,경기도 안산시 단원구 초지동 742-9번지 메가쇼핑 113호,경기도,경기도
420,안산일동점,경기도 안산시 상록구 일동 88-2번지 102호,경기도,경기도
421,안산성포점,경기도 안산시 상록구 성포동 592-2번지 현대@상가 112동 107호,경기도,경기도
422,안산선부3동점,경기도 안산시 단원구 선부3동 1116-14번지,경기도,경기도
423,안동중앙점,"경상북도 안동시 신안동 퇴계로 152, 1층",경상북도,경상북도
424,안동용상점,경상북도 안동시  경동로 908,경상북도,경상북도
425,안동1호점,경상북도 안동시  경동로 349,경상북도,경상북도
426,아산탕정점,"충청남도 아산시 탕정면 명암리 939-10, 101호",충청남도,충청남도
427,아산장재점,"충청남도 아산시 배방읍 용연로 71, 103호",충청남도,충청남도
428,아산용화점,충청남도 아산시  온중로 39,충청남도,충청남도
429,아산신창점,충청남도 아산시 신창면 행목리 215-3,충청남도,충청남도
430,아산둔포테크노벨리점,충청남도 아산시 둔포면 석곡리 1797,충청남도,충청남도
431,아산권곡점,충청남도 아산시  번영로 171,충청남도,충청남도
432,쌍문점,서울특별시 도봉구  도봉로 125길 53,서울특별시,서울특별시
433,신흥약대점,경기도 부천시 원미구  약대동 118,경기도,경기도
434,신현점,"경기도 광주시 오포읍 능평리 태재로 111, 1층",경기도,경기도
435,신탄진점,대전광역시 대덕구  덕암로 255,대전광역시,대전광역시
436,신촌점,서울특별시 서대문구  연세로 42-32,서울특별시,서울특별시
437,신창신가점,광주광역시 광산구  신창로 86번길 7-9,광주광역시,광주광역시
438,신정4동점,서울특별시 양천구  오목로 130,서울특별시,서울특별시
439,신정3동점,서울특별시 양천구 신정3동 761-89번지 대승프라자 103호,서울특별시,서울특별시
440,신월성점,대구광역시 달서구 월배로 33길 27 (진천동),대구광역시,대구광역시
441,신월사파점,경상남도 창원시 의창구  원이대로 687,경상남도,경상남도
442,"신월3,5동점",서울특별시 양천구 신월5동 58-1번지,서울특별시,서울특별시
443,"신월2,4동점",서울특별시 양천구 신월동 500-11,서울특별시,서울특별시
444,신시가지점,제주도 서귀포시  신서귀로 43,제주특별자치도,제주특별자치도
445,신수점,"서울특별시 마포구  독막로 195, 101",서울특별시,서울특별시
446,신성점,대전광역시 유성구  신성로 66,대전광역시,대전광역시
447,신봉점,경기도 용인시 수지구 신봉동 50-2번지 뉴골드프라자 106호,경기도,경기도
448,신림동점,서울특별시 관악구  신림동길 27,서울특별시,서울특별시
449,신둔점,경기도 이천시 신둔면 증신로 561,경기도,경기도
450,신도림점,서울특별시 구로구  신도림로11길 45,서울특별시,서울특별시
451,신대지구점,전라남도 순천시 해룡면 신대리 2008-3,전라남도,전라남도
452,신대방1동점,서울특별시 동작구  신대방1길 16,서울특별시,서울특별시
453,신당역점,서울특별시 중구  다산로 39길 20,서울특별시,서울특별시
454,"신당3,4동점","서울특별시 중구  다산로32, 남산타운",서울특별시,서울특별시
455,신내1동점,서울특별시 중랑구 신내1동 398-4번지,서울특별시,서울특별시
456,신곡2동점,"경기도 의정부시  부용로210번길 17, 101호",경기도,경기도
457,신곡1동점,경기도 의정부시  발곡로 31번길 15,경기도,경기도
458,시흥월곶점,경기도 시흥시 월곶동 994-1번지 주영프라자 101호,경기도,경기도
459,시흥신천점,경기도 시흥시 신천동 378-7,경기도,경기도
460,시흥대야점,경기도 시흥시 대야동 475-11번지,경기도,경기도
461,시흥능곡점,"경기도 시흥시  능곡로 182, 신성프라자 107호",경기도,경기도
462,시흥5동점,서울특별시 금천구  금하로 731-7,서울특별시,서울특별시
463,시흥1동점,서울특별시 금천구  은행나무로 24,서울특별시,서울특별시
464,시립대점,서울특별시 동대문구 전농동 155번지 삼성@상가 201호,서울특별시,서울특별시
465,순천풍덕점,전라남도 순천시  풍덕주택길 3,전라남도,전라남도
466,순천조례점,전라남도 순천시  봉화3길 5,전라남도,전라남도
467,순천연향점,전라남도 순천시  연향1로 12,전라남도,전라남도
468,순천북부점,전라남도 순천시  업동2길 2,전라남도,전라남도
469,순천남부점,전라남도 순천시  우석로 202,전라남도,전라남도
470,순창점,전라북도 순창군 순창읍 장류로 358,전라북도,전라북도
471,수택3동점,경기도 구리시 수택3동 853번지 럭키아파트상가 108호,경기도,경기도
472,수택2동점,"경기도 구리시  벌말로 185, 117호",경기도,경기도
473,수진점, ,,
474,수유2동벽산점,서울특별시 강북구  삼양로 424,서울특별시,서울특별시
475,수원조원1동점,경기도 수원시 장안구  조원로 111번길 31,경기도,경기도
476,수원정자3동점,경기도 수원시 장안구 천천동 481-5 1층,경기도,경기도
477,수원정자2동점,경기도 수원시 장안구 정자2동 46-41번지,경기도,경기도
478,수원인계점,경기도 수원시 팔달구 인계동 1008-24,경기도,경기도
479,수원율전점,"경기도 수원시장안구  서부로2197번길 40, 101호",경기도,경기도
480,수원영화점,경기도 수원시장안구  정조로934번길 46,경기도,경기도
481,수원역점,경기도 수원시팔달구  매산로52번길 8-1,경기도,경기도
482,수원망포점,"경기도 수원시 영통구  영통로 127, 102호",경기도,경기도
483,수완2호점,"광주광역시 광산구 신가 1245, 1층",광주광역시,광주광역시
484,수암신정2호점,"울산광역시 남구  신선로 45, 롯데캐슬 중앙상가동 209호",울산광역시,울산광역시
485,수석석남점,충청남도 서산시  덕지천로 105 (석림동),충청남도,충청남도
486,수서일원본동점,서울특별시 강남구  광평로295 사이룩스서관1층 111호,서울특별시,서울특별시
487,수색증산점,서울특별시 은평구 증산서길 98,서울특별시,서울특별시
488,수락점,"서울특별시 노원구 동일로 239길 19, 105호",서울특별시,서울특별시
489,수내점,"경기도 성남시분당구  발이봉남로 3번길 4, 1층",경기도,경기도
490,수곡모충점,충청북도 청주시서원구  구룡산로 340,충청북도,충청북도
491,송파점,서울특별시 송파구 송파2동 102-1번지 1층,서울특별시,서울특별시
492,송촌점,대전광역시 대덕구  동춘당로 44번길 20,대전광역시,대전광역시
493,송천에코점,전라북도 전주시덕진구 송천로 112-42,전라북도,전라북도
494,송우리점,경기도 포천시 소흘읍 송우로 55-5,경기도,경기도
495,송림송현점,인천광역시 동구  금곡로 86-1,인천광역시,인천광역시
496,송도신도시점,인천광역시 연수구  컨벤시아대로 50,인천광역시,인천광역시
497,송도3동점,인천광역시 연수구 송도동 190-2  글로벌캠퍼스푸르지오상가 202동 131호,인천광역시,인천광역시
498,송내북부역점,경기도 부천시 원미구 상동 429-14,경기도,경기도
499,송내2동점,경기도 부천시 소사구 송내2동 628-24번지,경기도,경기도
500,속초조양점,"강원도 속초시  조양상가길 2, 110호",강원도,강원도
501,속초교동점,강원도 속초시 교동 교동로 113번지,강원도,강원도
502,소하2동점,경기도 광명시  성채로 50번길 33,경기도,경기도
503,소하1동점,경기도 광명시 소하1동 1324번지 주공아파트 상가 (후문),경기도,경기도
504,소촌우산점,광주광역시 광산구  사암로 106번길 57,광주광역시,광주광역시
505,소사점,경기도 부천시 소사구 소사본3동 400-7 청구@ 상가 101호,경기도,경기도
506,소사벌점,경기도 평택시  비전6길 2-14,경기도,경기도
507,세종한솔점,"세종특별자치시   누리로 119, 첫마을아파트상가동 제비 103호",세종특별자치시,세종시
508,세종종촌점,"세종특별자치시   도움3로 105-8, 109호",세종특별자치시,세종시
509,세종보람점,"세종특별차지도 세종시  한누리대로 2129,스타힐타워 2동 115,116호",세종특별차지도,세종특별차지도
510,세종도담점,"세종특별자치시   보듬3로 8-13, 111호",세종특별자치시,세종시
511,세종고운점, ,,
512,세교통복점,경기도 평택시  통복시장로 54번길 16-7,경기도,경기도
513,세교1호점,경기도 오산시 궐동 612-1 대유프라자 1층 107호,경기도,경기도
514,성현점,서울특별시 관악구 봉천동 466-76,서울특별시,서울특별시
515,성신여대점,서울특별시 성북구 동선2가 145번지,서울특별시,서울특별시
516,성수1호점,서울특별시 성동구 성수1가2동 13-382 1층,서울특별시,서울특별시
517,성서계명대점,대구광역시 달서구  서당로9안길 5,대구광역시,대구광역시
518,성산2동점,서울특별시 마포구  성암로7길 25,서울특별시,서울특별시
519,성당본리점,대구광역시 달서구  대명천로 96,대구광역시,대구광역시
520,성내3동점,서울특별시 강동구 성내동 433-14 1층,서울특별시,서울특별시
521,성내2동점,"서울특별시 강동구 성내동 25-1번지 이안A상가 110,111호",서울특별시,서울특별시
522,성남하대원점,"경기도 성남시 중원구  마지로 155번길 25-12, 106호",경기도,경기도
523,성남중앙점,경기도 성남시중원구  광명로 209,경기도,경기도
524,성남구미1동점,경기도 성남시분당구 구미1동 144-2,경기도,경기도
525,성건중부점,경상북도 경주시  북성로 98,경상북도,경상북도
526,선학점,인천광역시 연수구  비류대로529번길 3,인천광역시,인천광역시
527,석촌점,서울특별시 송파구  송파대로45길 16,서울특별시,서울특별시
528,석수2동점,경기도 안양시 만안구  안양로 532번길 27,경기도,경기도
529,석관점,"서울특별시 성북구  돌곶이로 21, 1층",서울특별시,서울특별시
530,서판교점,경기도 성남시분당구  운중로178번길 1,경기도,경기도
531,서충주신도시점,"충청북도 충주시 대소원면 첨단산업4로 31, 1층",충청북도,충청북도
532,서초3동점,서울특별시 서초구  반포대로21길 40,서울특별시,서울특별시
533,서초2동점,서울특별시 서초구  서운로 79,서울특별시,서울특별시
534,서천점,충청남도 서천군 서천읍 사곡리 304-68,충청남도,충청남도
535,서창지구점,인천광역시 남동구 서창동 112 서창먹거리타운 1층,인천광역시,인천광역시
536,서울대방점,서울특별시 동작구  대방동23길 42,서울특별시,서울특별시
537,서산지곡점,충청남도 서산시 지곡면 화천리 371-4,충청남도,충청남도
538,서부전하점,울산광역시 동구  명덕2길 11,울산광역시,울산광역시
539,서부신시가지점,전라북도 전주시 완산구 효자동 2가 1308-4,전라북도,전라북도
540,서림점,서울특별시 관악구 신림동 96-60 한강뉴스타,서울특별시,서울특별시
541,서둔탑동점,경기도 수원시 권선구  서둔로 221,경기도,경기도
542,서대문연희점,서울특별시 서대문구  연희로 181,서울특별시,서울특별시
543,서남금동점,광주광역시 동구  백서로 125번길 28-1,광주광역시,광주광역시
544,서교점,서울특별시 마포구 서교동 377-2,서울특별시,서울특별시
545,서곡지구점,"전라북도 전주시완산구  서곡1길 1-4 , 1층",전라북도,전라북도
546,서강점,"서울특별시 마포구  창전로 45, 102-103",서울특별시,서울특별시
547,상현2동점,경기도 용인시 수지구 상현2동 54-5 가동 102호,경기도,경기도
548,상주냉림무양점,경상북도 상주시  냉림2길 31-3,경상북도,경상북도
549,상일점,서울특별시 강동구 상일동 237번지,서울특별시,서울특별시
550,상암점,서울특별시 마포구 상암동 30-1번지 형제빌딩 103호,서울특별시,서울특별시
551,상무2호점,광주광역시 서구 화정로85번길 30-1 1층,광주광역시,광주광역시
552,상동하당점,전라남도 목포시  상리로15번길 15,전라남도,전라남도
553,상도4동점,서울특별시 동작구  성대로 63,서울특별시,서울특별시
554,상도1호점,서울특별시 동작구 상도동 436,서울특별시,서울특별시
555,"상계6,7동점",서울특별시 노원구 상계동 728-3 주공6단지 상가 101호,서울특별시,서울특별시
556,삼천포점,경상남도 사천시 벌리동 420-8번지,경상남도,경상남도
557,삼척점,강원도 삼척시 대학로 40,강원도,강원도
558,삼전점,서울특별시 송파구  백제고분로21길 20,서울특별시,서울특별시
559,삼송1호점,경기도 고양시 덕양구 동산동 355-1번지,경기도,경기도
560,삼성2동점,"서울특별시 강남구  삼성로103길 12, 123",서울특별시,서울특별시
561,삼산2동점,인천광역시 부평구 삼산동 453-1번지,인천광역시,인천광역시
562,삼산1동점,인천광역시 부평구 삼산동 삼산동 222-34,인천광역시,인천광역시
563,산북소룡점,전라북도 군산시  원산북2길 37,전라북도,전라북도
564,산본1동점,"경기도 군포시 군포로745번길 45, 1층",경기도,경기도
565,산남성화점,충청북도 청주시서원구  두꺼비로 27번길 5-11,충청북도,충청북도
566,산곡4동점,"인천광역시 부평구  원길로11번길 33, 1층",인천광역시,인천광역시
567,산곡2동점,인천광역시 부평구  화랑북로11번길 38,인천광역시,인천광역시
568,사창사직2점,충청북도 청주시서원구  사직대로 144번길 35-2,충청북도,충청북도
569,사동계양점,경상북도 경산시 백양로34길 16,경상북도,경상북도
570,"사당4,5동점",서울특별시 동작구 사당4동 272-3,서울특별시,서울특별시
571,사당1동점,서울특별시 동작구 사당동 1038-12,서울특별시,서울특별시
572,사2동점,"경기도 안산시 상록구  감골로 33, 101호",경기도,경기도
573,비전2동점,경기도 평택시 비전2동 855-1번지,경기도,경기도
574,비래가양점,대전광역시 동구 가양동 28-12번지,대전광역시,대전광역시
575,불현점,경기도 동두천시 지행동 275-18,경기도,경기도
576,불로봉무점,대구광역시 동구 팔공로101길 47,대구광역시,대구광역시
577,불로동점,인천광역시 서구 불로동 308번지,인천광역시,인천광역시
578,불당쌍용3동점,충청남도 천안시 서북구  쌍용12길 10-4,충청남도,충청남도
579,불광1동점,서울특별시 은평구  불광로 114,서울특별시,서울특별시
580,분당동점,경기도 성남시 분당구 분당동 96번지,경기도,경기도
581,북아현점,"서울특별시 서대문구  북아현로1길 50, 상가1동 106호",서울특별시,서울특별시
582,북변사우점,경기도 김포시 사우동 1066번지,경기도,경기도
583,북가좌1호점,서울특별시 서대문구  증가로 223,서울특별시,서울특별시
584,부흥달안점,"경기도 안양시동안구  동안로 194, 1층 117호",경기도,경기도
585,부평4동점,인천광역시 부평구  주부토로 109,인천광역시,인천광역시
586,부천중동점,경기도 부천시 원미구 중1동 1123-2번지 107호,경기도,경기도
587,부천원종2동점,경기도 부천시 오정구 원종동 224-8번지,경기도,경기도
588,부천원미점,경기도 부천시원미구  원미로137,경기도,경기도
589,부천심곡점,경기도 부천시  장말로352번길 34,경기도,경기도
590,부천상동점,경기도 부천시 원미구  조마루로85번길 7-62,경기도,경기도
591,부여점,충청남도 부여군 부여읍 중앙로5번길 24-10,충청남도,충청남도
592,부안읍점,"전라북도 부안군 부안읍 학동길 21-1, 201호",전라북도,전라북도
593,부산화명점,부산광역시 북구 화명3동 2287-1 리버사이드빌딩 107-1호,부산광역시,부산광역시
594,부산학장점,부산광역시 사상구 학장동 610-7번지,부산광역시,부산광역시
595,부산하단점,부산광역시 사하구 하단2동 870-268번지,부산광역시,부산광역시
596,부산토곡점,부산광역시 연제구  과정로 132번길 50,부산광역시,부산광역시
597,부산초읍점,부산광역시 부산진구  성지로 104번길 46,부산광역시,부산광역시
598,부산초량점,부산광역시 동구  초량로 59,부산광역시,부산광역시
599,부산청학점,부산광역시 영도구 청학동 신도브래뉴 상가 112호,부산광역시,부산광역시
600,부산주례점,부산광역시 사상구  양지로 8번길 45-15,부산광역시,부산광역시
601,부산주례2호점,부산광역시 사상구 주례동 80-29번지 1층,부산광역시,부산광역시
602,부산좌동점,부산광역시 해운대구  좌동순환로 275,부산광역시,부산광역시
603,부산전포점,부산광역시 부산진구  서전로 58번길 51,부산광역시,부산광역시
604,부산재송점,부산광역시 해운대구 재송동 1091-34번지,부산광역시,부산광역시
605,부산장전점,부산광역시 금정구  장전온천천로 73번길 6,부산광역시,부산광역시
606,부산장림점,부산광역시 사하구  다대로 320번길 25,부산광역시,부산광역시
607,부산우동점,부산광역시 해운대구  우동1로 45,부산광역시,부산광역시
608,부산우2동점,"부산광역시 해운대구  해운대로 361, 103호",부산광역시,부산광역시
609,부산온천점,부산광역시 동래구  우장춘로 18번길 10,부산광역시,부산광역시
610,부산온천3동점,부산광역시 동래구  충렬대로 86번길 31,부산광역시,부산광역시
611,부산엄궁점,부산광역시 사상구  엄궁북로 4번길 7,부산광역시,부산광역시
612,부산양정점,부산광역시 부산진구  양정로 6,부산광역시,부산광역시
613,부산안락점,"부산광역시 동래구  안락로 109, 크로바맨션아파트 상가 1호",부산광역시,부산광역시
614,부산수정점,부산광역시 동구  홍곡로 74,부산광역시,부산광역시
615,부산수영점,"부산광역시 수영구  수영로 741번길 46, 협성르네상스상가 218동 10",부산광역시,부산광역시
616,부산수민점,부산광역시 동래구 수안동 34-1번지 새동래상가 6동 104호,부산광역시,부산광역시
617,부산송도점,부산광역시 서구  암남공원로 27,부산광역시,부산광역시
618,부산서동점,부산광역시 금정구  서곡로 34,부산광역시,부산광역시
619,부산사직점,부산광역시 동래구 사직1동 47-23번지,부산광역시,부산광역시
620,부산부암점,부산광역시 부산진구  백양순환로 137-1,부산광역시,부산광역시
621,부산부곡점,부산광역시 금정구  중앙대로1706번길 15,부산광역시,부산광역시
622,부산부곡2호점,부산광역시 금정구  서동로 36,부산광역시,부산광역시
623,부산범천점,부산광역시 부산진구 범천동 850-15,부산광역시,부산광역시
624,부산반여점,부산광역시 해운대구 반여1동 908-15번지,부산광역시,부산광역시
625,부산반여2호점,부산광역시 해운대구  재반로 242번길 29-70,부산광역시,부산광역시
626,부산반송점,"부산광역시 해운대구  윗반송로 51번길 46-1, 1층",부산광역시,부산광역시
627,부산문현점,부산광역시 남구 문현1동 13-63번지,부산광역시,부산광역시
628,부산명지점,"부산광역시 강서구  명지오션시티2로 71, 극동스타클래스상가 205호",부산광역시,부산광역시
629,부산명장점,부산광역시 동래구  명안로 81,부산광역시,부산광역시
630,부산망미점,부산광역시 수영구  망미배산로24번길 24,부산광역시,부산광역시
631,부산만덕점,"부산광역시 북구  만덕2로 44번길 72, 106호",부산광역시,부산광역시
632,부산동삼점,부산광역시 영도구  동삼로 79,부산광역시,부산광역시
633,부산동대신점,부산광역시 서구 동대신동 2가 261-1번지,부산광역시,부산광역시
634,부산덕포점,부산광역시 사상구  삼덕로 72-1,부산광역시,부산광역시
635,부산덕천점,부산광역시 북구 덕천1동 408-18번지,부산광역시,부산광역시
636,부산대연점,부산광역시 남구  못골로41번길 13,부산광역시,부산광역시
637,부산대신점,부산광역시 서구 서대신동3가 279-14번지 2통 4반,부산광역시,부산광역시
638,부산당리점,부산광역시 사하구  다대로 4,부산광역시,부산광역시
639,부산당감점,부산광역시 부산진구  당감서로 118-1,부산광역시,부산광역시
640,부산다대점,부산광역시 사하구 다대1동 933-12번지,부산광역시,부산광역시
641,부산남항점,부산광역시 영도구 남항2가 224-5번지,부산광역시,부산광역시
642,부산남천점,부산광역시 수영구 남천동 171 우성보라아파트 상가동 2호,부산광역시,부산광역시
643,부산남산점,부산광역시 금정구  남산로37번길 60,부산광역시,부산광역시
644,부산낙민점,부산광역시 동래구  안남로 69,부산광역시,부산광역시
645,부산기장점,부산광역시 기장군 기장읍 차성동로 161,부산광역시,부산광역시
646,부산금곡점,부산광역시 북구  효열로 207,부산광역시,부산광역시
647,부산구포점,부산광역시 북구  시랑로7번길 4,부산광역시,부산광역시
648,부산구서점,부산광역시 금정구 구서2동 184-23번지,부산광역시,부산광역시
649,부산괴정점,부산광역시 사하구 괴정동 929번지,부산광역시,부산광역시
650,부산괴정2호점,부산광역시 사하구  사리로 42,부산광역시,부산광역시
651,부산광안1동점,부산광역시 수영구 민락동 167-1번지,부산광역시,부산광역시
652,부산거제점,부산광역시 연제구 거제1동 139-10,부산광역시,부산광역시
653,부산개금점,부산광역시 부산진구 개금3동 470-8번지,부산광역시,부산광역시
654,부산감천점,부산광역시 사하구  감천로 69,부산광역시,부산광역시
655,부산감만점,부산광역시 남구  우암로 79번길 1,부산광역시,부산광역시
656,부산가야점,부산광역시 부산진구  가야대로 552번길 135,부산광역시,부산광역시
657,부개2동점,인천광역시 부평구 부개동 124-51번지,인천광역시,인천광역시
658,봉일천점,경기도 파주시 조리읍 봉일천리 142-3번지,경기도,경기도
659,봉동점,전라북도 완주군 봉동읍 완주산단8로 24,전라북도,전라북도
660,봉담1호점,"경기도 화성시 봉담읍 상봉길 31, 지맨프라자 119-1호",경기도,경기도
661,봄그리고가을리조트,"제주도 서귀포시 성산읍 해맞이해안로 2660, 1층
",제주특별자치도,제주특별자치도
662,본오2동점,경기도 안산시 상록구  본이로 8,경기도,경기도
663,본동월성2동점,대구광역시 달서구 본동 710-1,대구광역시,대구광역시
664,복대개신점,충청북도 청주시 흥덕구  신율로 117,충청북도,충청북도
665,보성벌교점,전라남도 보성군 벌교읍 채동선로 249,전라남도,전라남도
666,보령동대점,충청남도 보령시 동대동 476-4번지,충청남도,충청남도
667,병점2동점,경기도 화성시 병점동 826-3번지 101호,경기도,경기도
668,별내2호점,"경기도 남양주시  순화궁로 382-1, 별사랑마을2-2단지상가 104호",경기도,경기도
669,별내1호점,경기도 남양주시 별내동 1014-4번지 101호,경기도,경기도
670,"범어1,2,3동점",대구광역시 수성구  동대구로73길 24,대구광역시,대구광역시
671,번동점,"서울특별시 강북구 번동 330-1, 104호",서울특별시,서울특별시
672,백석1동점,경기도 고양시 일산동구 백석동 1210-5 번지,경기도,경기도
673,배방점,충청남도 아산시 배방읍 모산로 136,충청남도,충청남도
674,배곧캠퍼스점,경기도 시흥시  배곧1로 27-15,경기도,경기도
675,배곧신도시점,경기도 시흥시  배곧4로30 배곧타운116호,경기도,경기도
676,방화1동점,서울특별시 강서구  방화대로23길 68,서울특별시,서울특별시
677,방학1동점,"서울특별시 도봉구  도당로 133, 1층",서울특별시,서울특별시
678,방하리점,강원도 춘천시 남산면 방하리 372-2번지,강원도,강원도
679,방이점,서울특별시 송파구  가락로 267,서울특별시,서울특별시
680,방배4동점,"서울특별시 서초구  방배로32길 8, 1층 (조일빌딩)",서울특별시,서울특별시
681,방배1동점,서울특별시 서초구  방배로 13길 34,서울특별시,서울특별시
682,방림양림점,광주광역시 남구 방림동 473-1 송림주택1동 101호,광주광역시,광주광역시
683,반포1동점,서울특별시 서초구 반포1동 746-8 103호,서울특별시,서울특별시
684,민락2지구점,경기도 의정부시  용민로 249 골든타워 101호,경기도,경기도
685,미아1호점,서울특별시 강북구  삼양로 198,서울특별시,서울특별시
686,미성점,서울특별시 관악구  난우길 43,서울특별시,서울특별시
687,미사수변점,"경기도 하남시  미사강변중앙로 111번길 26, 1층",경기도,경기도
688,미사1호점,"경기도 하남시  미사강변북로30번길 37, 1층",경기도,경기도
689,문화신풍점,전라북도 군산시 대학로 120-1,전라북도,전라북도
690,문정점,서울특별시 송파구  동남로6길 41-10,서울특별시,서울특별시
691,문산점,경기도 파주시 문산읍 독산로 31-1,경기도,경기도
692,문막점,강원도 원주시 문막읍 건등리 1624-5,강원도,강원도
693,문래점,서울특별시 영등포구  문래5가 23-1,서울특별시,서울특별시
694,문경새재점,경상북도 문경시 문경읍 주흘1길 25,경상북도,경상북도
695,무안남악점,전라남도 무안군 삼향읍 남악영산길 39 신동아파밀리에상가 102호,전라남도,전라남도
696,목포이로점,전라남도 목포시 삼학로 331 금호상가 102호,전라남도,전라남도
697,목포용해점,전라남도 목포시  포미로 10번길 8,전라남도,전라남도
698,목포연산북항점,"전라남도 목포시 산정동 현대아파트상가 106,107호",전라남도,전라남도
699,목포삼학점,전라남도 목포시  둥근섬로 48-1,전라남도,전라남도
700,목천읍점,충청남도 천안시 동남구 목천읍 신계리 422번지 동우상가 120호,충청남도,충청남도
701,목감점,"경기도 시흥시  목감우회로 39, 118호",경기도,경기도
702,목4동점,서울특별시 양천구  목동중앙서로 7길 16,서울특별시,서울특별시
703,목2동점(특화매장), ,,
704,모슬포점,제주도 서귀포시 대정읍 화모리 1238-6번지,제주특별자치도,제주특별자치도
705,명지국제신도시점,부산광역시 강서구 명지동 3412-2 정우빌딩 2차 1층 114호,부산광역시,부산광역시
706,명일점,서울특별시 강동구 명일동 342-1번지 105호,서울특별시,서울특별시
707,면목점,서울특별시 중랑구 면목동 657-54,서울특별시,서울특별시
708,면목본동점,서울특별시 중랑구 면목본동 412-1,서울특별시,서울특별시
709,매탄3동점,경기도 수원시영통구  인계로270번길 11-3,경기도,경기도
710,매탄1동점,경기도 수원시 영통구  매여울로 49,경기도,경기도
711,매곡오치점,광주광역시 북구  매곡로 76,광주광역시,광주광역시
712,망원1동점,서울특별시 마포구  망원로 6길 19,서울특별시,서울특별시
713,망우본동점,"서울특별시 중랑구  용마산로 118길 63, 1층",서울특별시,서울특별시
714,만수2호점,인천광역시 남동구  만수서로21번길 4,인천광역시,인천광역시
715,만수1호점,"인천광역시 남동구  장승로 14, 창대아트빌",인천광역시,인천광역시
716,마포공덕점,"서울특별시 마포구  만리재로 74, 삼성래미안 재상가2동 113호",서울특별시,서울특별시
717,마석점,경기도 남양주시 화도읍 마석우리 357-7,경기도,경기도
718,마산회원점,경상남도 창원시마산회원구  북성로 156,경상남도,경상남도
719,마산월영점,경상남도 창원시 마산합포 월영동 610-1,경상남도,경상남도
720,마산양덕점,경상남도 마산회원구  양덕로 140,경상남도,경상남도
721,마산삼계점,경상남도 창원시마산회원구 내서읍 내서읍 삼계리 601번지,경상남도,경상남도
722,마산내서점,경상남도 창원시 마산회원 내서읍 중리 337-1번지,경상남도,경상남도
723,마산구암점,경상남도 창원시 마산회원  구암북1길 124,경상남도,경상남도
724,마곡나루역점,"서울특별시 강서구  마곡중앙로 161-22, 1층 112호",서울특별시,서울특별시
725,마곡1호점,"서울특별시 강서구  공항대로 140, 1205동 102-2호",서울특별시,서울특별시
726,뚝섬유원지역점,"서울특별시 광진구  뚝섬로34길 67, 광진트라팰리스 B-104",서울특별시,서울특별시
727,등촌2동점,서울특별시 강서구  등촌로53길 13,서울특별시,서울특별시
728,둔촌2동점,서울특별시 강동구  천호대로198길 12,서울특별시,서울특별시
729,둔내점,강원도 횡성군 둔내면 고원로 433,강원도,강원도
730,동해천곡점,강원도 동해시 천곡동 1052-22 102호,강원도,강원도
731,동해북삼점,강원도 동해시 동회동  66-4 동보상가 나동 4호,강원도,강원도
732,동판교점,경기도 성남시 분당구 삼평동 726 가상가동 103호,경기도,경기도
733,동탄영천점,"경기도 화성시 지산2길 26, 101호",경기도,경기도
734,동탄3동점,경기도 화성시 능동 1083 동탄능동마을 주공 아파트 가 상가동 101호,경기도,경기도
735,동탄1동점,경기도 화성시 반송동 24-3,경기도,경기도
736,동춘점,인천광역시 연수구  먼우금로83번길 12 2층 202-1호,인천광역시,인천광역시
737,동암점,인천광역시 부평구 십정동 487-2번지,인천광역시,인천광역시
738,동서오동점,경상남도 창원시 마산합포  3.15대로 388,경상남도,경상남도
739,동산반월점,"전라북도 전주시덕진구  쪽구름로 19, 상가1동 101호",전라북도,전라북도
740,동백점,"경기도 용인시 기흥구  동백3로 11번길 33, 106호",경기도,경기도
741,동광오거리점,"강원도 춘천시 후평동 삭주로 206-1, 1층(후평동)",강원도,강원도
742,독산3동점,서울특별시 금천구  시흥대로 148길 22,서울특별시,서울특별시
743,독산1동점,"서울특별시 금천구  벚꽃로 40, 114동 128호",서울특별시,서울특별시
744,독립문점,서울특별시 서대문구  독립문로 16,서울특별시,서울특별시
745,도화점,서울특별시 마포구 도화동 200-17번지 102호,서울특별시,서울특별시
746,도안2호점,"대전광역시 서구  원도안로 100, 101호",대전광역시,대전광역시
747,도안1호점,대전광역시 유성구  유성대로 654번길 152-1,대전광역시,대전광역시
748,도림점,서울특별시 영등포구 도림동 144-73번지,서울특별시,서울특별시
749,도농점,경기도 남양주시  도농로중촌2길 26-21,경기도,경기도
750,도곡2동점,서울특별시 강남구  논현로30길 36,서울특별시,서울특별시
751,"덕풍1,2동점",경기도 하남시 덕풍동 342-32,경기도,경기도
752,덕진금암점,전라북도 전주시덕진구  조경단로 59,전라북도,전라북도
753,대화점,경기도 고양시 일산서구  강성로214번길 16-10,경기도,경기도
754,대학동점,서울특별시 관악구  호암로 22길 61,서울특별시,서울특별시
755,대치2동점,서울특별시 강남구 대치2동 990-3,서울특별시,서울특별시
756,"대치1,4동점","서울특별시 강남구  삼성로 229, 104호",서울특별시,서울특별시
757,대천해수욕장점,"충청남도 보령시  해수욕장6길 124, 102호",충청남도,충청남도
758,대조점,서울특별시 은평구 대조동 91-67,서울특별시,서울특별시
759,대전태평점,대전광역시 중구 태평동 330-20번지,대전광역시,대전광역시
760,대전탄방점,대전광역시 서구 탄방동 848,대전광역시,대전광역시
761,대전전민점,"대전광역시 유성구 전민로38번길 50, 1층",대전광역시,대전광역시
762,대전월평1호점,대전광역시 서구 월평동 670,대전광역시,대전광역시
763,대전우송대점,대전광역시 동구 소제동 299-376,대전광역시,대전광역시
764,대전송강테크노점,"대전광역시 유성구  관평1로 15, 106호",대전광역시,대전광역시
765,대전법동점,대전광역시 대덕구  계족산로17번길 110,대전광역시,대전광역시
766,대전반석점,대전광역시 유성구 반석동 624-2,대전광역시,대전광역시
767,대전문화점,대전광역시 중구 문화2동 418-1 계룡APT상가 103호,대전광역시,대전광역시
768,대전만년점,대전광역시 서구  만년남로 3번길 8-12,대전광역시,대전광역시
769,대전둔산1호점,대전광역시 서구  문정로 170번길 157,대전광역시,대전광역시
770,대전도마점,"대전광역시 서구  도솔4길 37, 1층",대전광역시,대전광역시
771,대전노은점,대전광역시 유성구 지족동 909-17번지,대전광역시,대전광역시
772,대전궁동점,대전광역시 유성구 궁동 432-1번지,대전광역시,대전광역시
773,대전관저점,대전광역시 서구  관저동로 73번길 29-26,대전광역시,대전광역시
774,대전갈마2동점,"대전광역시 서구  대덕대로 115, 1층",대전광역시,대전광역시
775,대전가장점,대전광역시 서구 괴정동 116-6,대전광역시,대전광역시
776,대전가오점,대전광역시 동구 가오동 461번지,대전광역시,대전광역시
777,대연2호점,부산광역시 남구  용소로 42,부산광역시,부산광역시
778,대성죽교점,전라남도 목포시  양을로 1-2,전라남도,전라남도
779,대명1호점,대구광역시 남구  대명로 20길 22-2,대구광역시,대구광역시
780,대림1동점,서울특별시 영등포구  대림동 902-7,서울특별시,서울특별시
781,대구황금점,대구광역시 수성구 황금동 228-1번지 외 1필지,대구광역시,대구광역시
782,대구화원점,대구광역시 달성군 화원읍  천내리 118번지 창신맨션 상가 1동 2호,대구광역시,대구광역시
783,대구평리1호점,대구광역시 서구  평리로 377,대구광역시,대구광역시
784,대구파동점,대구광역시 수성구  파동로 174,대구광역시,대구광역시
785,대구태전점,대구광역시 북구 태전동 칠곡중앙대로 53길 10,대구광역시,대구광역시
786,대구침산점,대구광역시 북구  침산남로 19길 6,대구광역시,대구광역시
787,대구진천점,대구광역시 달서구 진천동 728-1번지,대구광역시,대구광역시
788,대구지산점,대구광역시 수성구 지산동 1272-2번지 에덴상가 5호,대구광역시,대구광역시
789,대구이곡점,대구광역시 달서구  선원남로 74 1층,대구광역시,대구광역시
790,대구율하점,대구광역시 동구  율하동로 25길 2 (신기동),대구광역시,대구광역시
791,대구용산점,대구광역시 달서구 용산동 용산로 186-7  1층,대구광역시,대구광역시
792,대구신천점,대구광역시 동구 신천3동 183-1번지,대구광역시,대구광역시
793,대구신매점,"대구광역시 수성구  고산로 70, 4-16동 1층4호",대구광역시,대구광역시
794,대구수성점,대구광역시 수성구 수성로271,대구광역시,대구광역시
795,대구상인1호점,대구광역시 달서구  상인로100-1,대구광역시,대구광역시
796,대구상.중동점,대구광역시 수성구 상동 316-9번지,대구광역시,대구광역시
797,대구봉덕점,대구광역시 남구  중앙대로22길 155,대구광역시,대구광역시
798,대구복현점,대구광역시 북구 복현2동 265-1,대구광역시,대구광역시
799,대구범어4만촌3점,대구광역시 수성구  범어로18길 56,대구광역시,대구광역시
800,대구방촌점,"대구광역시 동구  방촌로125, 101동 111호(방촌동,현대아파트상가)",대구광역시,대구광역시
801,대구반야월점,대구광역시 동구 신서동 513-1,대구광역시,대구광역시
802,대구메트로점,대구광역시 수성구 만촌동 962-15,대구광역시,대구광역시
803,대구매호점,대구광역시 수성구  매호동 1323-9 번지,대구광역시,대구광역시
804,대구동천점,대구광역시 북구  팔거천동로 34길 3-17,대구광역시,대구광역시
805,대구대현점,대구광역시 북구  대현로 116,대구광역시,대구광역시
806,대구대봉점,"대구광역시 중구 대봉로 268, 1층",대구광역시,대구광역시
807,대구대곡점,대구광역시 달서구  도원남로 38,대구광역시,대구광역시
808,대구다사점,대구광역시 달성군 다사읍 대실역북로3길 9,대구광역시,대구광역시
809,대구노원점,대구광역시 북구  팔달로 153,대구광역시,대구광역시
810,대구내당중리점,대구광역시 서구  평리로 50길 27,대구광역시,대구광역시
811,대구남산대신점,대구광역시 중구  남산로 17길 145,대구광역시,대구광역시
812,대구구암점,대구광역시 북구  구암로 43길 13,대구광역시,대구광역시
813,대구관음점,대구광역시 북구 관음동 600-2번지,대구광역시,대구광역시
814,대광점,경기도 연천군 신서면 도신리 290-20,경기도,경기도
815,대관령점,강원도 평창군 대관령면 눈마을길 49,강원도,강원도
816,당하점,"인천광역시 서구  서곶로 876, 103호",인천광역시,인천광역시
817,당진신평점,충청남도 당진시  거산3거리길 70,충청남도,충청남도
818,당진송악점,충청남도 당진시 송악읍 가학리 632-8 대림e-편한세상 상가 206호,충청남도,충청남도
819,당산2동점,서울특별시 영등포구  국회대로 29길 16,서울특별시,서울특별시
820,답십리1동점,"서울특별시 동대문구  전농로 57, 1층",서울특별시,서울특별시
821,담양점,전라남도 담양군 담양읍 천변1길 11,전라남도,전라남도
822,다대2동점,부산광역시 사하구  다대로 429번길 20,부산광역시,부산광역시
823,능곡점,경기도 고양시 덕양구  지도로 35번길 12-22,경기도,경기도
824,논현고잔1호점,인천광역시 남동구  논고개로 136번길 12,인천광역시,인천광역시
825,논현1동점,서울특별시 강남구  학동로6길 3,서울특별시,서울특별시
826,녹번점,"서울특별시 은평구  녹번로 9, 1층",서울특별시,서울특별시
827,노량진1동점,서울특별시 동작구  만양로72,서울특별시,서울특별시
828,내포신도시1호점,"충청남도 홍성군 홍북면 상하천로 31, 117호",충청남도,충청남도
829,내수점,"충청북도 청주시청원구  청암로 37,104호",충청북도,충청북도
830,내손2동점,경기도 의왕시  흥안대로434번길 69,경기도,경기도
831,내방농성점,광주광역시 서구  월산로 257,광주광역시,광주광역시
832,내덕우암점,충청북도 청주시청원구  중앙로 191-2,충청북도,충청북도
833,남지읍점,경상남도 창녕군 남지읍 663-26,경상남도,경상남도
834,남원2호점,전라북도 남원시  충정로 320,전라북도,전라북도
835,남양주창현점,경기도 남양주시 화도읍 경춘로창벌1길 19,경기도,경기도
836,남양주진접점,경기도 남양주시 진접읍 장현로 131,경기도,경기도
837,남양주월산점,"경기도 남양주시 화도읍 경춘로2290번길 3,상가1동102호",경기도,경기도
838,남양주와부1호점,경기도 남양주시 와부읍 수레로 58,경기도,경기도
839,남양주오남점,경기도 남양주시 오남읍 130번지 102호,경기도,경기도
840,남양주사능점,경기도 남양주시 진건읍 진건오남로 105번길 15,경기도,경기도
841,남양주도농점, ,,
842,남양가음점,"경상남도 창원시성산구  원이대로 863번길 7, 105호",경상남도,경상남도
843,남가좌1호점,서울특별시 서대문구  가재울로 4길 57-2,서울특별시,서울특별시
844,나주혁신도시점,전라남도 나주시  석전1길 15,전라남도,전라남도
845,나운2호점,전라북도 군산시 부곡1길 39 1층 108호(나운동),전라북도,전라북도
846,김해활천점,경상남도 김해시 어방동 319-11,경상남도,경상남도
847,김해진영점,경상남도 김해시 진영읍 장등로 30,경상남도,경상남도
848,김해장유점,경상남도 김해시 장유면 삼문리 467-6번지,경상남도,경상남도
849,김해율하점,경상남도 김해시 율하동 1403번지 부상가 101호,경상남도,경상남도
850,김해외동점,경상남도 김해시 외동  1242-2 1층,경상남도,경상남도
851,김해삼방점,경상남도 김해시  삼안로 169,경상남도,경상남도
852,김해삼계점,경상남도 김해시 삼계동 1500-1 1층,경상남도,경상남도
853,김해부원점,경상남도 김해시 김해대로2385번길 18-1,경상남도,경상남도
854,김해동장유점,경상남도 김해시 월산로 111-43,경상남도,경상남도
855,김해내동점,경상남도 김해시 외동 1121-1 동신빌딩 112호,경상남도,경상남도
856,김해구산대성점,경상남도 김해시 구산동 555번지 106호,경상남도,경상남도
857,김포풍무점,경기도 김포시 풍무동 425번지 102호,경기도,경기도
858,김포장기점,경기도 김포시 장기동 1636번지 고창마을 제일풍경채상가동 102호,경기도,경기도
859,김천혁신점,경상북도 김천시  율곡동 416 중흥에스클래스파라디움상가 2동 108호,경상북도,경상북도
860,김천1호점,경상북도 김천시  신음새동네2길 31,경상북도,경상북도
861,김제점,전라북도 김제시  요촌중길 93,전라북도,전라북도
862,길음1동점,"서울특별시 성북구  길음로 74, 2-107",서울특별시,서울특별시
863,길동점,서울특별시 강동구 길동 142-2,서울특별시,서울특별시
864,금호1가응봉점,서울특별시 성동구 금호동1가 1801-2 1층,서울특별시,서울특별시
865,금촌점,경기도 파주시  새꽃로 96번지,경기도,경기도
866,금촌3동점,"경기도 파주시 아동동 경의로 1833, 1층일부",경기도,경기도
867,금왕점,충청북도 음성군 금왕읍 탑골길12 1동 103호,충청북도,충청북도
868,금산읍점,충청남도 금산군 금산읍 비단로 329,충청남도,충청남도
869,금당왕지점,전라남도 순천시  조례못등길 13,전라남도,전라남도
870,금광2동점,경기도 성남시 중원구  금빛로 61번길 11,경기도,경기도
871,귀인평안점,"경기도 안양시동안구 평촌동 915-5번지, 1층",경기도,경기도
872,권선2동점,경기도 수원시 권선구 권선동 1259-8번지,경기도,경기도
873,군포광정점,경기도 군포시  산본로432번길 4,경기도,경기도
874,군자점,서울특별시 광진구  군자로 168,서울특별시,서울특별시
875,군산조촌점,전라북도 군산시  부골2길 53,전라북도,전라북도
876,군산수송점,전라북도 군산시  축동로 7,전라북도,전라북도
877,군산나운점,"전라북도 군산시  대학로 316, 1층",전라북도,전라북도
878,구의1동점,"서울특별시 광진구  자양로 173, 간씨빌딩",서울특별시,서울특별시
879,구월점,인천광역시 남동구  독점로3번길 30-6,인천광역시,인천광역시
880,구영천상점,울산광역시 울주군 범서읍 구영리 802-22번지,울산광역시,울산광역시
881,구미형곡점,경상북도 구미시  형곡동로 70,경상북도,경상북도
882,구미인동점,경상북도 구미시  인동16길 24-4,경상북도,경상북도
883,구미신평비산점,경상북도 구미시  구미대로30길 26,경상북도,경상북도
884,구미송정원평점,경상북도 구미시 신시로14길 50,경상북도,경상북도
885,구미상모사곡점,경상북도 구미시  상모로 10길 21-63,경상북도,경상북도
886,구미봉곡점,"경상북도 구미시 봉곡동 봉곡남로9길 7, 1층 101호",경상북도,경상북도
887,구미문성점,"경상북도 구미시 고아읍 들성로 7길 19, 1층",경상북도,경상북도
888,구미도량점,경상북도 구미시 야은로 413,경상북도,경상북도
889,구리교문점,경기도 구리시 교문동 757-1번지,경기도,경기도
890,구룡포점,경상북도 포항시 남구 구룡포읍 호미로 253-2,경상북도,경상북도
891,구로5동점,서울특별시 구로구 구로중앙로28길 31,서울특별시,서울특별시
892,구로3동점,"서울특별시 구로구  디지털로27길 16, 106호",서울특별시,서울특별시
893,구래1호점,경기도   김포시   김포한강9로12번길 97-14 101호,경기도,경기도
894,괴안범박점,경기도 부천시 소사구 괴안동 242-10번지,경기도,경기도
895,광탄점,경기도 파주시 광탄면 혜음로 1122,경기도,경기도
896,광주효천점,"광주광역시 남구  효우2로26번길 18,1층 108호",광주광역시,광주광역시
897,광주화정점,광주광역시 서구  월드컵4강로 28번길 35,광주광역시,광주광역시
898,광주학동점,광주광역시 동구  의재로 54,광주광역시,광주광역시
899,광주하남점,광주광역시 광산구  목련로 142,광주광역시,광주광역시
900,광주하나로클럽점, ,,
901,광주풍암점,"광주광역시 서구  풍암순환로 183, 208호",광주광역시,광주광역시
902,광주초월점,경기도 광주시 초월읍 쌍동리 393번지 E편한세상 B-106호,경기도,경기도
903,광주첨단점,광주광역시 광산구  월계로 92-1,광주광역시,광주광역시
904,광주진월점,광주광역시 남구  서문대로 633번길 17,광주광역시,광주광역시
905,광주중흥점,광주광역시 북구  우치로 27번길 26,광주광역시,광주광역시
906,광주주월점,광주광역시 남구  회서로 11번길 13,광주광역시,광주광역시
907,광주일곡점,광주광역시 북구  일곡택지로 55,광주광역시,광주광역시
908,광주운암점,광주광역시 북구 운암동 885-56번지,광주광역시,광주광역시
909,광주운남점,광주광역시 광산구  임방울대로 142-14,광주광역시,광주광역시
910,광주용봉점,"광주광역시 북구 서암대로 74-1, 103호",광주광역시,광주광역시
911,광주오포점,경기도 광주시 오포읍 양벌리 562-8번지,경기도,경기도
912,광주양산점,광주광역시 북구  양산택지로 89,광주광역시,광주광역시
913,광주수완점,광주광역시 광산구 수완동 958번지 102-1층,광주광역시,광주광역시
914,광주송정점,경기도 광주시 송정동 110-8번지,경기도,경기도
915,광주송정도산점,광주광역시 광산구 남동길 48번길 53,광주광역시,광주광역시
916,광주상무점,광주광역시 서구  치평동 1168,광주광역시,광주광역시
917,광주봉선점,광주광역시 남구 봉선동 1011-6번지,광주광역시,광주광역시
918,광주백운점,"광주광역시 남구 백운로 29, 1층",광주광역시,광주광역시
919,광주문흥점,"광주광역시 북구 천지인로 173번길 22, A-102(문흥동,광명상가)",광주광역시,광주광역시
920,광주두암점,"광주광역시 북구  삼정로 71, 104호",광주광역시,광주광역시
921,광주동천동림점,광주광역시 서구  동천로 10번길 12-2,광주광역시,광주광역시
922,광주금호점,광주광역시 서구  금부로번길 9,광주광역시,광주광역시
923,광장점,서울특별시 광진구  아차산로 70길 75 광장현대아파트,서울특별시,서울특별시
924,광양중마점,"전라남도 광양시  공영로 10,,상가동 102호(중동,금광1차아파트)",전라남도,전라남도
925,광양광영점,전라남도 광양시  광영로 83,전라남도,전라남도
926,"광안2,4동점",부산광역시 수영구 광안동 168-7번지,부산광역시,부산광역시
927,"광명3,4동점",경기도 광명시 광명동 158-321,경기도,경기도
928,광교1호점,"경기도 용인시 수지구  광교중앙로 315, 광교티타워102호",경기도,경기도
929,관교구월2호점,인천광역시 남동구  문화서로28번길 8,인천광역시,인천광역시
930,과천1호점,경기도 과천시 원문동 4번지 레미안슈르A상가 1011호,경기도,경기도
931,공주중동점,"충청남도 공주시  가구점길3, 1층",충청남도,충청남도
932,공주신관점,"충청남도 공주시  흑수골길 48, 1층",충청남도,충청남도
933,공릉2동점,"서울특별시 노원구  노원로 62, 101호",서울특별시,서울특별시
934,"공릉1,3동점",서울특별시 노원구 공릉동 573-20,서울특별시,서울특별시
935,공도2호점,경기도 안성시 공도읍 만정리 814-1,경기도,경기도
936,곤지암점,경기도 광주시 곤지암읍 평촌길 60,경기도,경기도
937,곡성점,전라남도 곡성군 곡성읍 읍내리 250-8,전라남도,전라남도
938,곡반정점,경기도 수원시 권선구 곡반정동 563-7번지 101호,경기도,경기도
939,고흥읍점,전라남도 고흥군 고흥읍 봉황길 32-1,전라남도,전라남도
940,고흥녹동점,전라남도 고흥군 도양읍 녹동남촌1길 24-1,전라남도,전라남도
941,고한사북점,강원도 정선군 사북읍 중앙로 68번지,강원도,강원도
942,고척2동점,서울특별시 구로구  고척로 180,서울특별시,서울특별시
943,고창점,전라북도 고창군 고창읍 월곡공원1길 18,전라북도,전라북도
944,고양화정2동점,경기도 고양시 덕양구 성신로 10 101(화정동),경기도,경기도
945,고양화정1동점,경기도 고양시 덕양구 화정동 923-11번지,경기도,경기도
946,고양성사점,경기도 고양시 덕양구  호국로 790번길 42-4,경기도,경기도
947,고성천진점,강원도 고성군 토성면 토성로 145,강원도,강원도
948,고성간성점,강원도 고성군 간성읍 간성로 67,강원도,강원도
949,"고덕1,2동점",서울특별시 강동구  상일로 161,서울특별시,서울특별시
950,계룡점,충청남도 계룡시  금암로 155-11,충청남도,충청남도
951,경주황성금장점,경상북도 경주시  용담로116번길 7,경상북도,경상북도
952,경주보문점,"경상북도 경주시  보문로 402-31,106호",경상북도,경상북도
953,경주동천용강점,경상북도 경주시  동천로 63,경상북도,경상북도
954,경산하양점,경상북도 경산시 하양읍 하양로 34,경상북도,경상북도
955,경산진량점,경상북도 경산시 진량읍 낙산길 22-1,경상북도,경상북도
956,경산옥산정평점,경상북도 경산시  강변서로 51길 22,경상북도,경상북도
957,경북청송점,경상북도 청송군 청송읍 중앙로 236,경상북도,경상북도
958,경북청도점,경상북도 청도군 청도읍 고수리 152-27,경상북도,경상북도
959,경북의성점,경상북도 의성군 의성읍 중앙길 59,경상북도,경상북도
960,경북울진점,경상북도 울진군 울진읍 울진중앙로 186-4,경상북도,경상북도
961,경북영주점,경상북도 영주시 하망동 549-5번지,경상북도,경상북도
962,경북성주점,경상북도 성주군 성주읍 성주순환로 162,경상북도,경상북도
963,경북석적점,경상북도 칠곡군 석적읍 석적로 954,경상북도,경상북도
964,경북상주점,경상북도 상주시  남성3길 31,경상북도,경상북도
965,경북봉화점,"경상북도 봉화군 봉화읍 신시장1길 4, 105호",경상북도,경상북도
966,경북문경점,경상북도 문경시 반쟁이3길 9 (모전동),경상북도,경상북도
967,경복궁점,"서울특별시 종로구 사직로 사직로 114, 101호",서울특별시,서울특별시
968,경남합천점,경상남도 합천군 합천읍 합천리 충효로 4길 10,경상남도,경상남도
969,경남함양점,경상남도 함양군  용평중앙길 25,경상남도,경상남도
970,경남하동점,경상남도 하동군 하동읍 경서대로 106,경상남도,경상남도
971,경남사천점,경상남도 사천시 정동면 고읍리 564-8번지,경상남도,경상남도
972,경남밀양점,경상남도 밀양시  밀양대로 1770-1 (삼문동),경상남도,경상남도
973,경남남해점,경상남도 남해군 남해읍 화전로 78번길 11,경상남도,경상남도
974,경남고성점,경상남도 고성군 고성읍 중앙로 15번길 8,경상남도,경상남도
975,경기용문점,경기도 양평군 용문면 용문로 375,경기도,경기도
976,경기고양점,경기도 고양시 덕양구  읍내로 83-7,경기도,경기도
977,검암지구점,인천광역시 서구   승학로 587,인천광역시,인천광역시
978,거창점,"경상남도 거창군 거창읍 공수들7길 20, 1층",경상남도,경상남도
979,거제중곡점,"경상남도 거제시  해명로4길 8, 엘리유리안2차 아파트 상가 106호",경상남도,경상남도
980,거제장평점,경상남도 거제시  장평1로 16길 15,경상남도,경상남도
981,거제장승포점,"경상남도 거제시  능포로4길 5, 107호",경상남도,경상남도
982,거제옥포점,경상남도 거제시  옥포중앙로 87-1,경상남도,경상남도
983,거제연초점,경상남도 거제시  거제북로 48,경상남도,경상남도
984,거제아주점,경상남도 거제시  아주1로 112,경상남도,경상남도
985,거제상문점,경상남도 거제시 문동동 578-13번지,경상남도,경상남도
986,거제사등점,경상남도 거제시 거제면 두동로 44,경상남도,경상남도
987,거제고현점,경상남도 거제시  거제중앙로5길 28 -1,경상남도,경상남도
988,거여2동점,서울특별시 송파구 거여동 35번지 1층,서울특별시,서울특별시
989,거모점,경기도 시흥시 도일로 143(거모동),경기도,경기도
990,개포4동점,서울특별시 강남구 개포동 1221번지,서울특별시,서울특별시
991,개포2동점,"서울특별시 강남구   선릉로12길 5, 102-나호",서울특별시,서울특별시
992,개봉1동점,서울특별시 구로구  고척로21길 17-1,서울특별시,서울특별시
993,"개금1,2동점",부산광역시 부산진구  엄광로 52-1,부산광역시,부산광역시
994,강화점,인천광역시 강화군 강화읍 강화대로 199,인천광역시,인천광역시
995,강저지구점,충청북도 제천시 영천동 2209,충청북도,충청북도
996,강원횡성점,강원도 횡성군 횡성읍 북천리115-52,강원도,강원도
997,강릉홍제내곡점,강원도 강릉시  남산초교길 12번길 16,강원도,강원도
998,강릉포남점,강원도 강릉시  강릉대로 457번길 25,강원도,강원도
999,강릉택지점,"강원도 강릉시   원대로 128번길, 107호",강원도,강원도
1000,강릉유천점,"강원도 강릉시  선수촌로 79-7, 101호",강원도,강원도
1001,강릉성덕점,강원도 강릉시 입암동 498-12,강원도,강원도
1002,감정점,"경기도 김포시  북변1로 36, 106호",경기도,경기도
1003,갈현2동점,서울특별시 은평구 갈현2동 506-33번지,서울특별시,서울특별시
1004,갈매점,"경기도 구리시 갈매순환로204 8-52, 101호 전면 왼쪽상가",경기도,경기도
1005,갈말점,강원도 철원군 갈말읍 명성로 139번길 13-22,강원도,강원도
1006,간석1동점,인천광역시 남동구  예술로 278,인천광역시,인천광역시
1007,가평점,경기도 가평군 가평읍 오리나무길 41-15,경기도,경기도
1008,가좌1호점,인천광역시 서구 가좌동 7번지,인천광역시,인천광역시
1009,가정점,"인천광역시 서구  염곡로498번안길 11-1, 1층 일부",인천광역시,인천광역시
1010,가양점,서울특별시 강서구 가양동 1479-3번지 1층 104호,서울특별시,서울특별시
1011,가산점,서울특별시 금천구 가산동 151-25,서울특별시,서울특별시
1012,가락본동점,서울특별시 송파구  송파대로30길 41-34,서울특별시,서울특별시
1013,가곡수동점,경기도 남양주시 수동면 비룡로 716,경기도,경기도
